idloan,aqcisition_date,date_of_devolution,book_idbook,user_iduser,confirm_devolution
1,2024-12-17 13:50:30,NULL,15671,312,0
2,2024-12-17 13:50:01,NULL,15978,312,0
3,2024-12-17 13:48:10,NULL,15354,315,0
4,2024-12-17 13:47:35,NULL,5362,315,0
5,2024-12-17 13:41:51,NULL,6821,322,0
6,2024-12-17 13:41:15,NULL,13708,322,0
7,2024-12-17 13:40:32,NULL,4695,319,0
8,2024-12-17 13:40:03,NULL,15183,319,0
9,2024-12-17 13:39:28,NULL,2510,323,0
10,2024-12-17 13:38:51,NULL,7134,311,0
11,2024-12-17 13:38:08,NULL,5263,311,0
12,2024-12-17 13:37:35,NULL,7609,313,0
13,2024-12-17 13:36:50,NULL,15372,313,0
14,2024-12-17 13:36:01,NULL,6859,321,0
15,2024-12-17 13:10:13,NULL,17553,1,0
16,2024-12-17 13:07:59,NULL,5834,1,0
17,2024-12-17 13:07:35,NULL,14216,1,0
18,2024-12-17 13:07:07,NULL,4511,1,0
19,2024-12-17 13:06:32,NULL,4336,1,0
20,2024-12-17 13:05:34,NULL,5233,1,0
21,2024-12-17 13:04:50,NULL,5672,1,0
22,2024-12-17 13:04:18,NULL,16630,1,0
23,2024-12-17 13:02:02,NULL,15578,1,0
24,2024-12-17 13:01:21,NULL,14223,1,0
25,2024-12-17 13:00:50,NULL,1334,1,0
26,2024-12-17 13:00:19,NULL,14650,1,0
27,2024-12-17 12:59:19,NULL,8098,1,0
28,2024-12-17 12:58:51,NULL,16499,1,0
29,2024-12-17 12:57:55,NULL,5697,1,0
30,2024-12-17 12:57:19,NULL,16782,1,0
31,2024-12-17 12:56:16,NULL,2276,1,0
32,2024-12-17 12:55:43,NULL,7504,1,0
33,2024-12-17 12:55:02,NULL,7518,1,0
34,2024-12-17 12:53:59,NULL,14121,1,0
35,2024-12-17 12:53:04,NULL,7308,1,0
36,2024-12-17 12:52:41,NULL,15756,1,0
37,2024-12-17 12:52:18,NULL,12801,1,0
38,2024-12-17 12:51:55,NULL,15705,1,0
39,2024-12-17 12:51:25,NULL,12993,1,0
40,2024-12-17 12:51:02,NULL,5935,1,0
41,2024-12-17 12:50:36,NULL,2268,1,0
42,2024-12-17 12:49:57,NULL,14232,1,0
43,2024-12-17 12:49:10,NULL,6880,1,0
44,2024-12-17 12:48:09,NULL,7615,1,0
45,2024-12-16 11:33:30,NULL,5859,23,0
46,2024-12-16 11:33:01,NULL,16594,23,0
47,2024-12-16 11:32:11,NULL,4868,23,0
48,2024-12-16 11:31:39,NULL,5830,23,0
49,2024-12-16 11:31:10,NULL,15941,23,0
50,2024-12-16 11:27:20,NULL,5568,23,0
51,2024-12-16 11:25:52,NULL,12051,23,0
52,2024-12-16 11:25:15,NULL,11493,23,0
53,2024-12-16 11:24:47,NULL,14774,23,0
54,2024-12-16 11:24:22,NULL,4248,23,0
55,2024-12-16 11:23:49,NULL,4243,23,0
56,2024-12-16 11:22:09,NULL,10855,23,0
57,2024-12-16 11:21:22,NULL,10857,23,0
58,2024-12-16 11:20:16,NULL,11093,23,0
59,2024-12-16 11:19:36,NULL,5536,23,0
60,2024-12-16 11:18:26,NULL,6060,23,0
61,2024-12-16 11:17:59,NULL,5796,23,0
62,2024-12-16 11:17:36,NULL,14606,23,0
63,2024-12-16 11:17:06,NULL,5821,23,0
64,2024-12-11 13:21:24,NULL,8158,385,0
65,2024-12-11 13:20:53,NULL,7066,385,0
66,2024-12-11 13:17:43,NULL,7290,384,0
67,2024-12-11 13:17:20,NULL,11197,384,0
68,2024-12-11 13:15:58,NULL,12619,380,0
69,2024-12-11 13:15:28,NULL,6785,379,0
70,2024-12-11 13:14:47,NULL,8281,379,0
71,2024-12-11 13:13:45,NULL,4227,383,0
72,2024-12-11 13:13:20,NULL,3183,383,0
73,2024-12-11 13:12:49,NULL,4172,378,0
74,2024-12-11 13:12:18,NULL,16500,378,0
75,2024-12-11 10:24:42,NULL,14527,419,0
76,2024-12-11 10:22:43,NULL,10851,420,0
77,2024-12-11 10:22:10,NULL,7650,420,0
78,2024-12-11 09:45:26,NULL,15959,402,0
79,2024-12-11 09:44:59,NULL,2898,402,0
80,2024-12-10 13:35:35,NULL,15958,317,0
81,2024-12-10 13:35:08,NULL,12655,317,0
82,2024-12-10 13:32:56,NULL,4160,321,0
83,2024-12-10 13:23:57,NULL,14291,324,0
84,2024-12-10 13:09:44,NULL,5083,304,0
85,2024-12-10 13:09:16,NULL,16408,304,0
86,2024-12-10 13:05:26,NULL,14204,310,0
87,2024-12-10 12:57:19,NULL,16137,300,0
88,2024-12-10 12:56:48,NULL,9173,300,0
89,2024-12-10 12:54:51,NULL,6021,299,0
90,2024-12-10 11:25:48,NULL,1223,142,0
91,2024-12-10 11:24:17,NULL,14529,141,0
92,2024-12-10 11:23:39,NULL,16830,138,0
93,2024-12-10 11:22:46,NULL,6095,148,0
94,2024-12-10 11:17:31,NULL,11600,142,0
95,2024-12-10 11:16:15,NULL,5264,152,0
96,2024-12-10 11:15:19,NULL,7346,149,0
97,2024-12-10 11:14:44,NULL,4927,139,0
98,2024-12-10 11:14:02,NULL,9194,144,0
99,2024-12-10 10:18:19,NULL,14615,344,0
100,2024-12-10 10:17:42,NULL,7464,344,0
101,2024-12-10 10:17:10,NULL,4332,352,0
102,2024-12-10 10:16:39,NULL,12934,352,0
103,2024-12-10 10:16:04,NULL,2365,348,0
104,2024-12-10 10:15:37,NULL,15561,348,0
105,2024-12-10 10:14:52,NULL,14370,349,0
106,2024-12-10 10:13:37,NULL,14762,351,0
107,2024-12-05 08:17:56,NULL,16716,24,0
108,2024-12-05 08:17:30,NULL,11298,24,0
109,2024-12-05 08:16:52,NULL,8521,24,0
110,2024-12-05 08:16:21,NULL,6343,24,0
111,2024-12-05 08:15:53,NULL,11300,24,0
112,2024-12-05 08:15:26,NULL,11295,24,0
113,2024-12-05 08:14:57,NULL,8526,24,0
114,2024-12-05 08:14:28,NULL,11290,24,0
115,2024-12-05 08:14:02,NULL,11294,24,0
116,2024-12-05 08:13:36,NULL,2864,24,0
117,2024-12-05 08:13:08,NULL,11289,24,0
118,2024-12-05 08:12:43,NULL,8690,24,0
119,2024-12-05 08:11:22,NULL,8524,24,0
120,2024-12-05 08:10:29,NULL,11293,24,0
121,2024-12-05 08:09:52,NULL,8522,24,0
122,2024-12-05 08:08:28,NULL,11291,24,0
123,2024-12-05 08:07:24,NULL,11301,24,0
124,2024-12-04 12:17:52,NULL,16403,433,0
125,2024-12-04 12:17:28,NULL,13251,433,0
126,2024-12-04 12:13:59,NULL,14165,432,0
127,2024-12-04 12:13:25,NULL,4512,432,0
128,2024-12-04 12:12:49,NULL,8276,434,0
129,2024-12-04 12:12:21,NULL,7417,434,0
130,2024-12-04 12:09:48,NULL,1137,430,0
131,2024-12-04 12:09:17,NULL,12615,430,0
132,2024-12-04 09:38:06,NULL,5710,391,0
133,2024-12-04 09:35:46,NULL,15230,386,0
134,2024-12-04 09:17:18,NULL,4782,259,0
135,2024-12-04 09:14:24,NULL,7584,259,0
136,2024-12-03 13:06:34,NULL,7149,308,0
137,2024-12-03 13:06:00,NULL,6135,308,0
138,2024-12-03 12:58:32,NULL,5573,298,0
139,2024-12-03 12:57:40,NULL,14743,298,0
140,2024-12-03 10:23:09,NULL,2507,354,0
141,2024-12-03 10:22:00,NULL,4867,345,0
142,2024-12-03 10:21:26,NULL,11764,345,0
143,2024-12-02 07:46:14,NULL,17008,4,0
144,2024-12-02 07:45:36,NULL,14317,4,0
145,2024-11-29 13:13:43,NULL,15164,253,0
146,2024-11-29 13:13:14,NULL,15375,253,0
147,2024-11-29 10:28:59,NULL,5533,338,0
148,2024-11-29 10:27:13,NULL,14209,329,0
149,2024-11-29 10:26:36,NULL,11481,329,0
150,2024-11-29 10:25:47,NULL,16755,328,0
151,2024-11-29 10:25:05,NULL,16438,328,0
152,2024-11-29 10:20:14,NULL,14618,331,0
153,2024-11-29 10:18:58,NULL,16028,336,0
154,2024-11-29 10:18:24,NULL,16212,336,0
155,2024-11-29 09:12:08,NULL,16037,27,0
156,2024-11-29 09:11:34,NULL,12467,436,0
157,2024-11-29 09:10:56,NULL,4794,436,0
158,2024-11-28 11:17:29,NULL,16671,162,0
159,2024-11-28 11:16:14,NULL,6670,162,0
160,2024-11-28 11:12:03,NULL,3340,173,0
161,2024-11-28 11:11:27,NULL,14763,173,0
162,2024-11-28 11:08:57,NULL,16423,164,0
163,2024-11-28 11:07:51,NULL,15285,172,0
164,2024-11-28 11:07:04,NULL,1035,165,0
165,2024-11-28 10:19:58,NULL,15523,290,0
166,2024-11-28 10:15:25,NULL,15462,294,0
167,2024-11-28 10:12:55,NULL,4595,288,0
168,2024-11-28 10:12:21,NULL,6900,288,0
169,2024-11-28 10:11:11,NULL,14260,286,0
170,2024-11-28 10:10:38,NULL,15166,287,0
171,2024-11-28 10:10:04,NULL,15379,287,0
172,2024-11-27 13:51:01,NULL,16806,367,0
173,2024-11-27 13:50:14,NULL,14373,367,0
174,2024-11-27 13:48:19,NULL,15886,366,0
175,2024-11-27 13:47:50,NULL,2476,366,0
176,2024-11-27 13:47:06,NULL,14208,364,0
177,2024-11-27 13:44:01,NULL,17459,368,0
178,2024-11-27 13:43:05,NULL,3337,365,0
179,2024-11-27 13:42:35,NULL,764,365,0
180,2024-11-27 13:36:06,NULL,5569,362,0
181,2024-11-27 13:35:40,NULL,16050,362,0
182,2024-11-27 13:34:38,NULL,14251,356,0
183,2024-11-27 13:34:06,NULL,4915,356,0
184,2024-11-27 13:32:34,NULL,7562,357,0
185,2024-11-27 13:32:03,NULL,15161,357,0
186,2024-11-27 13:31:04,NULL,5487,359,0
187,2024-11-27 13:30:22,NULL,15471,359,0
188,2024-11-27 13:28:20,NULL,6152,360,0
189,2024-11-27 13:27:50,NULL,14547,360,0
190,2024-11-27 11:31:57,NULL,16172,342,0
191,2024-11-27 11:10:34,NULL,3395,373,0
192,2024-11-27 11:10:08,NULL,4757,373,0
193,2024-11-27 10:51:04,NULL,4158,417,0
194,2024-11-27 10:50:27,NULL,7507,417,0
195,2024-11-27 10:39:25,NULL,5183,2,0
196,2024-11-26 13:40:38,NULL,11806,316,0
197,2024-11-26 13:40:05,NULL,16074,316,0
198,2024-11-26 13:00:45,NULL,7391,305,0
199,2024-11-26 13:00:03,NULL,14721,305,0
200,2024-11-26 12:59:13,NULL,14297,302,0
201,2024-11-26 12:58:39,NULL,16095,302,0
202,2024-11-25 09:27:15,NULL,4579,20,0
203,2024-11-25 09:26:17,NULL,16633,20,0
204,2024-11-25 09:24:54,NULL,4574,20,0
205,2024-11-22 09:37:55,NULL,16135,88,0
206,2024-11-22 09:33:59,NULL,14331,81,0
207,2024-11-22 09:32:37,NULL,16233,81,0
208,2024-11-20 13:39:44,NULL,14552,358,0
209,2024-11-20 13:38:44,NULL,15650,358,0
210,2024-11-20 13:37:58,NULL,7560,358,0
211,2024-11-20 13:37:23,NULL,15153,358,0
212,2024-11-20 11:45:47,NULL,10719,420,0
213,2024-11-20 10:03:44,NULL,15371,386,0
214,2024-11-20 10:02:20,NULL,14592,388,0
215,2024-11-20 09:59:40,NULL,14898,392,0
216,2024-11-20 09:01:02,NULL,15250,268,0
217,2024-11-20 08:29:30,NULL,16349,261,0
218,2024-11-20 08:28:56,NULL,14283,261,0
219,2024-11-20 08:25:34,NULL,15377,254,0
220,2024-11-20 08:24:54,NULL,14191,254,0
221,2024-11-20 07:52:55,NULL,16835,178,0
222,2024-11-20 07:52:24,NULL,6602,178,0
223,2024-11-20 07:51:39,NULL,6225,185,0
224,2024-11-20 07:51:07,NULL,2489,185,0
225,2024-11-20 07:49:05,NULL,13051,183,0
226,2024-11-15 10:32:05,NULL,1270,332,0
227,2024-11-15 10:26:00,NULL,14688,332,0
228,2024-11-15 10:19:47,NULL,14392,331,0
229,2024-11-15 09:28:55,NULL,16472,77,0
230,2024-11-15 09:28:19,NULL,316,77,0
231,2024-11-15 09:17:28,NULL,869,7,0
232,2024-11-15 09:15:35,NULL,7113,294,0
233,2024-11-14 13:16:28,NULL,4439,71,0
234,2024-11-14 13:13:26,NULL,12997,76,0
235,2024-11-14 13:11:00,NULL,16729,68,0
236,2024-11-14 13:10:20,NULL,14387,68,0
237,2024-11-14 13:08:31,NULL,6178,76,0
238,2024-11-14 12:59:36,NULL,5847,74,0
239,2024-11-14 11:33:50,NULL,7316,160,0
240,2024-11-14 11:32:53,NULL,15046,160,0
241,2024-11-14 11:29:56,NULL,6832,167,0
242,2024-11-14 11:29:01,NULL,16092,167,0
243,2024-11-14 10:36:50,NULL,6802,293,0
244,2024-11-14 10:31:40,NULL,12899,283,0
245,2024-11-14 10:31:15,NULL,15522,284,0
246,2024-11-14 10:29:01,NULL,5134,281,0
247,2024-11-14 10:28:23,NULL,16443,281,0
248,2024-11-14 08:44:10,NULL,10218,39,0
249,2024-11-14 08:43:35,NULL,12641,39,0
250,2024-11-14 08:42:52,NULL,2273,39,0
251,2024-11-14 08:41:06,NULL,3364,39,0
252,2024-11-14 08:40:38,NULL,16482,39,0
253,2024-11-14 08:39:52,NULL,12630,39,0
254,2024-11-14 08:39:11,NULL,12520,39,0
255,2024-11-14 08:38:36,NULL,9704,39,0
256,2024-11-14 08:38:10,NULL,13043,39,0
257,2024-11-14 08:37:40,NULL,12991,39,0
258,2024-11-14 08:37:06,NULL,16214,39,0
259,2024-11-14 08:36:30,NULL,9711,39,0
260,2024-11-14 08:35:47,NULL,12849,39,0
261,2024-11-14 08:34:48,NULL,10146,39,0
262,2024-11-14 08:34:13,NULL,2346,39,0
263,2024-11-14 08:33:39,NULL,2368,39,0
264,2024-11-14 08:33:09,NULL,12614,39,0
265,2024-11-14 08:32:37,NULL,6870,39,0
266,2024-11-14 08:31:46,NULL,7522,39,0
267,2024-11-14 08:31:19,NULL,16183,39,0
268,2024-11-13 13:44:12,NULL,7748,363,0
269,2024-11-13 13:43:31,NULL,4837,363,0
270,2024-11-13 13:41:02,NULL,7251,372,0
271,2024-11-13 13:40:13,NULL,14160,372,0
272,2024-11-13 12:55:47,NULL,6628,385,0
273,2024-11-13 12:24:07,NULL,14359,429,0
274,2024-11-13 09:49:59,NULL,5555,397,0
275,2024-11-13 09:49:24,NULL,16704,397,0
276,2024-11-13 09:46:20,NULL,14414,390,0
277,2024-11-13 09:45:53,NULL,15992,390,0
278,2024-11-13 08:55:34,NULL,5574,256,0
279,2024-11-13 08:54:35,NULL,14985,265,0
280,2024-11-13 08:50:49,NULL,5158,265,0
281,2024-11-13 08:45:32,NULL,14595,254,0
282,2024-11-13 07:57:10,NULL,13403,176,0
283,2024-11-13 07:56:27,NULL,5911,176,0
284,2024-11-13 07:50:25,NULL,5929,180,0
285,2024-11-13 07:48:26,NULL,14891,187,0
286,2024-11-13 07:47:45,NULL,4789,187,0
287,2024-11-13 07:46:49,NULL,15773,183,0
288,2024-11-12 14:18:42,NULL,16026,222,0
289,2024-11-12 14:18:13,NULL,16954,222,0
290,2024-11-12 14:16:50,NULL,16232,215,0
291,2024-11-12 14:14:53,NULL,15188,211,0
292,2024-11-12 14:14:20,NULL,4981,211,0
293,2024-11-12 14:12:17,NULL,16429,214,0
294,2024-11-12 12:54:32,NULL,16751,307,0
295,2024-11-12 11:56:19,NULL,11874,227,0
296,2024-11-12 11:54:33,NULL,1356,237,0
297,2024-11-12 11:50:58,NULL,994,226,0
298,2024-11-12 11:50:25,NULL,5652,225,0
299,2024-11-12 11:49:17,NULL,17427,236,0
300,2024-11-08 12:51:12,NULL,1533,16,0
301,2024-11-08 12:50:44,NULL,1503,16,0
302,2024-11-08 12:50:18,NULL,1513,16,0
303,2024-11-08 12:49:38,NULL,1802,16,0
304,2024-11-08 12:49:13,NULL,1651,16,0
305,2024-11-08 12:48:48,NULL,1618,16,0
306,2024-11-08 12:48:20,NULL,1643,16,0
307,2024-11-08 12:47:55,NULL,1642,16,0
308,2024-11-08 12:47:27,NULL,1514,16,0
309,2024-11-08 12:46:58,NULL,1512,16,0
310,2024-11-08 12:46:14,NULL,1617,16,0
311,2024-11-08 12:45:41,NULL,1534,16,0
312,2024-11-08 12:45:12,NULL,1616,16,0
313,2024-11-08 12:44:35,NULL,1785,16,0
314,2024-11-08 12:44:11,NULL,1554,16,0
315,2024-11-08 12:43:30,NULL,1739,16,0
316,2024-11-08 12:42:59,NULL,2866,16,0
317,2024-11-08 12:42:29,NULL,1784,16,0
318,2024-11-08 12:42:01,NULL,1666,16,0
319,2024-11-08 12:41:37,NULL,1546,16,0
320,2024-11-08 12:41:06,NULL,1804,16,0
321,2024-11-08 12:40:33,NULL,1549,16,0
322,2024-11-08 12:39:44,NULL,1670,16,0
323,2024-11-08 12:39:04,NULL,11674,16,0
324,2024-11-08 12:38:11,NULL,1662,16,0
325,2024-11-08 10:48:55,NULL,5904,335,0
326,2024-11-08 10:45:50,NULL,7745,335,0
327,2024-11-08 10:37:54,NULL,14256,334,0
328,2024-11-08 08:23:58,NULL,15259,17,0
329,2024-11-08 08:23:26,NULL,5852,17,0
330,2024-11-08 08:22:53,NULL,5989,17,0
331,2024-11-08 08:22:13,NULL,16980,17,0
332,2024-11-08 08:21:50,NULL,6097,17,0
333,2024-11-08 08:21:21,NULL,9406,17,0
334,2024-11-08 08:20:54,NULL,4854,17,0
335,2024-11-08 08:20:27,NULL,5308,17,0
336,2024-11-08 08:20:04,NULL,16036,17,0
337,2024-11-08 08:19:42,NULL,14589,17,0
338,2024-11-08 08:19:20,NULL,14539,17,0
339,2024-11-08 08:18:55,NULL,10690,17,0
340,2024-11-08 08:18:30,NULL,16509,17,0
341,2024-11-08 08:18:04,NULL,4585,17,0
342,2024-11-08 08:17:24,NULL,4848,17,0
343,2024-11-08 08:17:00,NULL,17148,17,0
344,2024-11-08 08:16:35,NULL,17149,17,0
345,2024-11-08 08:16:04,NULL,5576,17,0
346,2024-11-08 08:15:37,NULL,14154,17,0
347,2024-11-08 08:15:07,NULL,16292,17,0
348,2024-11-07 11:34:40,NULL,3241,159,0
349,2024-11-07 11:15:55,NULL,1088,159,0
350,2024-11-07 10:52:23,NULL,15478,292,0
351,2024-11-07 10:51:52,NULL,5877,292,0
352,2024-11-07 10:40:14,NULL,6942,290,0
353,2024-11-06 12:14:23,NULL,2872,189,0
354,2024-11-06 11:29:44,NULL,13649,23,0
355,2024-11-06 11:28:32,NULL,7004,23,0
356,2024-11-06 11:27:55,NULL,16411,23,0
357,2024-11-06 11:27:33,NULL,14611,23,0
358,2024-11-06 11:11:15,NULL,16318,384,0
359,2024-11-06 11:00:05,NULL,17206,48,0
360,2024-11-06 10:59:33,NULL,17207,48,0
361,2024-11-06 10:58:33,NULL,17217,48,0
362,2024-11-06 10:58:09,NULL,17216,48,0
363,2024-11-06 10:57:20,NULL,17215,48,0
364,2024-11-06 10:55:55,NULL,17214,48,0
365,2024-11-06 10:55:31,NULL,17213,48,0
366,2024-11-06 10:55:06,NULL,17212,48,0
367,2024-11-06 10:54:36,NULL,17211,48,0
368,2024-11-06 10:54:05,NULL,17210,48,0
369,2024-11-06 10:53:24,NULL,17209,48,0
370,2024-11-06 10:52:54,NULL,17208,48,0
371,2024-11-06 10:45:43,NULL,5820,426,0
372,2024-11-06 09:41:17,NULL,15197,395,0
373,2024-11-06 09:40:42,NULL,15966,395,0
374,2024-11-06 09:39:32,NULL,14296,398,0
375,2024-11-06 09:38:58,NULL,11598,398,0
376,2024-11-06 08:33:57,NULL,11492,264,0
377,2024-11-06 07:53:09,NULL,5733,182,0
378,2024-11-06 07:52:13,NULL,2992,188,0
379,2024-11-05 15:51:53,NULL,10012,134,0
380,2024-11-05 15:35:56,NULL,4709,135,0
381,2024-11-05 14:14:45,NULL,16711,223,0
382,2024-11-05 14:13:57,NULL,7612,223,0
383,2024-11-05 14:12:29,NULL,5265,208,0
384,2024-11-05 14:11:42,NULL,14314,208,0
385,2024-11-05 14:10:40,NULL,16073,221,0
386,2024-11-05 13:42:04,NULL,16019,127,0
387,2024-11-05 12:47:03,NULL,7742,296,0
388,2024-11-05 12:46:32,NULL,15022,296,0
389,2024-11-05 11:47:46,NULL,16849,231,0
390,2024-11-05 11:41:43,NULL,4698,231,0
391,2024-11-05 11:25:18,NULL,2534,16,0
392,2024-11-05 11:24:31,NULL,6672,16,0
393,2024-11-05 11:23:48,NULL,2538,16,0
394,2024-11-05 11:21:03,NULL,15902,16,0
395,2024-11-05 11:20:16,NULL,7380,16,0
396,2024-11-05 11:19:33,NULL,13440,16,0
397,2024-11-05 11:18:52,NULL,14169,16,0
398,2024-11-05 11:17:31,NULL,6909,16,0
399,2024-11-05 11:16:24,NULL,6908,16,0
400,2024-11-05 11:14:22,NULL,16515,16,0
401,2024-11-05 11:13:36,NULL,14397,16,0
402,2024-11-05 11:12:38,NULL,16335,16,0
403,2024-11-05 11:11:47,NULL,2343,16,0
404,2024-11-05 11:10:41,NULL,6979,16,0
405,2024-11-05 11:09:55,NULL,7756,16,0
406,2024-11-05 11:09:02,NULL,2551,16,0
407,2024-11-05 11:07:28,NULL,2477,16,0
408,2024-11-05 11:06:22,NULL,16964,16,0
409,2024-11-05 11:04:20,NULL,13277,16,0
410,2024-11-05 11:02:46,NULL,14167,16,0
411,2024-11-05 10:46:12,NULL,7432,351,0
412,2024-11-05 10:36:42,NULL,15410,353,0
413,2024-11-05 10:35:49,NULL,14963,353,0
414,2024-11-05 10:00:49,NULL,17533,20,0
415,2024-11-05 09:59:45,NULL,11499,20,0
416,2024-11-05 09:59:20,NULL,1110,20,0
417,2024-11-05 09:58:46,NULL,5997,20,0
418,2024-11-05 09:58:18,NULL,6834,20,0
419,2024-11-05 09:57:53,NULL,16750,20,0
420,2024-11-05 09:57:27,NULL,3184,20,0
421,2024-11-05 09:57:05,NULL,13435,20,0
422,2024-11-05 09:56:28,NULL,7243,20,0
423,2024-10-29 12:48:19,NULL,11922,61,0
424,2024-10-29 12:20:52,NULL,17184,61,0
425,2024-10-29 12:20:04,NULL,17183,61,0
426,2024-10-29 12:19:19,NULL,17182,61,0
427,2024-10-29 12:18:24,NULL,17181,61,0
428,2024-10-29 12:17:42,NULL,17180,61,0
429,2024-10-29 12:17:07,NULL,17179,61,0
430,2024-10-29 12:16:21,NULL,17178,61,0
431,2024-10-29 12:15:47,NULL,17177,61,0
432,2024-10-29 12:14:45,NULL,17176,61,0
433,2024-10-29 12:14:03,NULL,17175,61,0
434,2024-10-29 12:13:17,NULL,11911,61,0
435,2024-10-29 12:12:40,NULL,5550,61,0
436,2024-10-29 12:11:09,NULL,13661,61,0
437,2024-10-29 11:10:05,NULL,1289,61,0
438,2024-10-29 11:09:06,NULL,17529,61,0
439,2024-10-29 10:59:36,NULL,5692,61,0
440,2024-10-29 10:59:00,NULL,5801,61,0
441,2024-10-29 10:58:11,NULL,11471,61,0
442,2024-10-29 10:57:42,NULL,5313,61,0
443,2024-10-29 10:57:06,NULL,11545,61,0
444,2024-10-29 10:56:11,NULL,6033,61,0
445,2024-10-29 10:49:24,NULL,5085,61,0
446,2024-10-29 10:48:46,NULL,4135,61,0
447,2024-10-29 10:42:16,NULL,5480,61,0
448,2024-10-29 10:40:05,NULL,15213,349,0
449,2024-10-29 10:13:10,NULL,17174,61,0
450,2024-10-29 10:12:42,NULL,17173,61,0
451,2024-10-29 10:11:24,NULL,17171,61,0
452,2024-10-28 10:13:28,NULL,14290,284,0
453,2024-10-25 10:27:57,NULL,14723,342,0
454,2024-10-24 11:32:23,NULL,5249,168,0
455,2024-10-24 11:31:30,NULL,16046,168,0
456,2024-10-24 11:28:43,NULL,12561,165,0
457,2024-10-24 11:25:01,NULL,7033,169,0
458,2024-10-24 10:40:28,NULL,7070,291,0
459,2024-10-24 10:34:48,NULL,7563,285,0
460,2024-10-24 09:31:46,NULL,4214,431,0
461,2024-10-24 09:30:41,NULL,7258,431,0
462,2024-10-24 09:26:11,NULL,16239,266,0
463,2024-10-24 07:40:44,NULL,7244,253,0
464,2024-10-23 13:54:28,NULL,5726,372,0
465,2024-10-23 13:53:15,NULL,6805,372,0
466,2024-10-23 13:40:12,NULL,9600,365,0
467,2024-10-23 11:39:31,NULL,16322,377,0
468,2024-10-23 11:38:04,NULL,6496,379,0
469,2024-10-23 11:36:41,NULL,2480,379,0
470,2024-10-23 11:34:36,NULL,16992,381,0
471,2024-10-23 11:33:45,NULL,6537,381,0
472,2024-10-23 11:32:27,NULL,14224,376,0
473,2024-10-23 11:00:37,NULL,16389,413,0
474,2024-10-23 09:49:00,NULL,5611,394,0
475,2024-10-23 09:43:05,NULL,2844,392,0
476,2024-10-22 13:51:38,NULL,5712,320,0
477,2024-10-22 13:47:49,NULL,7488,314,0
478,2024-10-22 13:46:29,NULL,14550,314,0
479,2024-10-22 13:44:30,NULL,7110,319,0
480,2024-10-22 13:41:09,NULL,6737,311,0
481,2024-10-22 13:32:26,NULL,5642,313,0
482,2024-10-22 13:19:50,NULL,14270,306,0
483,2024-10-22 12:44:56,NULL,15144,345,0
484,2024-10-22 12:38:06,NULL,6490,346,0
485,2024-10-22 12:35:42,NULL,7263,346,0
486,2024-10-18 10:38:25,NULL,16480,340,0
487,2024-10-18 08:16:44,NULL,12100,58,0
488,2024-10-18 08:16:11,NULL,12098,58,0
489,2024-10-18 08:15:10,NULL,12108,58,0
490,2024-10-18 08:14:35,NULL,12130,58,0
491,2024-10-18 08:14:07,NULL,12129,58,0
492,2024-10-18 08:13:41,NULL,12123,58,0
493,2024-10-18 08:12:51,NULL,12121,58,0
494,2024-10-18 08:12:09,NULL,12118,58,0
495,2024-10-18 08:11:30,NULL,12112,58,0
496,2024-10-18 08:10:44,NULL,12127,58,0
497,2024-10-18 08:10:08,NULL,12131,58,0
498,2024-10-18 08:09:17,NULL,12117,58,0
499,2024-10-18 08:07:55,NULL,12103,58,0
500,2024-10-18 08:07:15,NULL,12097,58,0
501,2024-10-18 08:06:32,NULL,15079,58,0
502,2024-10-18 08:05:32,NULL,12094,58,0
503,2024-10-18 08:04:54,NULL,12109,58,0
504,2024-10-18 08:03:37,NULL,12110,58,0
505,2024-10-17 12:11:35,NULL,17041,58,0
506,2024-10-17 11:45:56,NULL,17042,58,0
507,2024-10-17 11:45:04,NULL,17043,58,0
508,2024-10-17 11:44:13,NULL,17040,58,0
509,2024-10-17 11:43:30,NULL,17044,58,0
510,2024-10-17 11:42:42,NULL,17038,58,0
511,2024-10-17 11:38:54,NULL,14098,263,0
512,2024-10-17 11:36:52,NULL,17039,58,0
513,2024-10-17 11:35:39,NULL,17037,58,0
514,2024-10-17 11:16:39,NULL,,160,0
515,2024-10-17 11:15:43,NULL,15163,160,0
516,2024-10-17 08:27:00,NULL,12612,74,0
517,2024-10-16 13:51:06,NULL,8807,360,0
518,2024-10-16 12:36:15,NULL,3221,435,0
519,2024-10-16 12:34:53,NULL,2405,433,0
520,2024-10-16 11:35:30,NULL,15202,379,0
521,2024-10-16 11:35:04,NULL,12908,379,0
522,2024-10-16 11:34:31,NULL,8146,383,0
523,2024-10-16 11:33:53,NULL,16323,383,0
524,2024-10-16 11:31:08,NULL,5584,380,0
525,2024-10-16 11:30:38,NULL,3438,380,0
526,2024-10-16 11:23:58,NULL,16574,376,0
527,2024-10-16 11:23:24,NULL,8237,376,0
528,2024-10-16 11:22:45,NULL,8126,377,0
529,2024-10-16 11:15:22,NULL,3182,374,0
530,2024-10-16 10:41:12,NULL,17382,16,0
531,2024-10-16 10:34:10,NULL,4840,421,0
532,2024-10-16 10:29:18,NULL,8280,420,0
533,2024-10-16 10:02:30,NULL,14836,400,0
534,2024-10-16 09:59:46,NULL,7331,399,0
535,2024-10-16 09:45:18,NULL,6511,386,0
536,2024-10-16 09:13:56,NULL,17198,48,0
537,2024-10-16 09:13:35,NULL,17197,48,0
538,2024-10-16 09:13:15,NULL,17196,48,0
539,2024-10-16 09:12:52,NULL,17193,48,0
540,2024-10-16 09:12:26,NULL,17194,48,0
541,2024-10-16 09:12:01,NULL,17195,48,0
542,2024-10-16 09:11:38,NULL,17205,48,0
543,2024-10-16 09:11:11,NULL,17204,48,0
544,2024-10-16 09:10:38,NULL,17203,48,0
545,2024-10-16 09:10:00,NULL,17202,48,0
546,2024-10-16 09:09:23,NULL,17201,48,0
547,2024-10-16 09:08:59,NULL,17200,48,0
548,2024-10-16 09:08:27,NULL,17199,48,0
549,2024-10-16 08:57:05,NULL,11867,267,0
550,2024-10-16 08:37:05,NULL,2858,23,0
551,2024-10-16 08:36:42,NULL,13653,23,0
552,2024-10-16 08:36:20,NULL,1160,23,0
553,2024-10-16 08:35:57,NULL,9989,23,0
554,2024-10-16 08:35:31,NULL,11551,23,0
555,2024-10-16 07:45:29,NULL,16063,181,0
556,2024-10-15 15:51:17,NULL,6742,155,0
557,2024-10-15 15:50:03,NULL,14703,218,0
558,2024-10-15 15:47:56,NULL,3260,154,0
559,2024-10-15 15:45:28,NULL,7577,147,0
560,2024-10-15 15:44:44,NULL,15918,156,0
561,2024-10-15 15:44:15,NULL,13413,157,0
562,2024-10-15 15:43:43,NULL,14298,137,0
563,2024-10-15 15:42:23,NULL,15764,140,0
564,2024-10-15 15:41:27,NULL,12764,144,0
565,2024-10-15 15:40:59,NULL,6681,145,0
566,2024-10-15 15:40:33,NULL,16140,143,0
567,2024-10-15 15:39:18,NULL,6912,138,0
568,2024-10-15 15:38:30,NULL,16875,153,0
569,2024-10-15 15:37:36,NULL,16753,150,0
570,2024-10-15 15:37:02,NULL,16873,139,0
571,2024-10-15 15:36:31,NULL,16340,149,0
572,2024-10-15 15:35:51,NULL,16378,141,0
573,2024-10-15 15:35:15,NULL,15709,148,0
574,2024-10-15 15:34:12,NULL,15710,151,0
575,2024-10-15 15:32:52,NULL,15781,146,0
576,2024-10-15 13:47:12,NULL,6929,317,0
577,2024-10-15 13:39:50,NULL,16035,315,0
578,2024-10-15 13:23:55,NULL,14900,309,0
579,2024-10-15 13:23:15,NULL,5482,309,0
580,2024-10-15 13:14:34,NULL,5618,303,0
581,2024-10-15 13:13:42,NULL,15381,303,0
582,2024-10-15 13:11:49,NULL,14741,308,0
583,2024-10-15 12:08:46,NULL,5636,41,0
584,2024-10-15 11:06:19,NULL,5916,153,0
585,2024-10-15 10:58:34,NULL,13324,181,0
586,2024-10-15 10:26:42,NULL,3235,343,0
587,2024-10-15 10:25:49,NULL,17005,343,0
588,2024-10-15 10:18:53,NULL,16144,23,0
589,2024-10-15 09:49:11,NULL,17056,58,0
590,2024-10-15 09:48:17,NULL,17055,58,0
591,2024-10-15 09:47:27,NULL,17054,58,0
592,2024-10-15 09:45:35,NULL,17053,58,0
593,2024-10-15 09:45:09,NULL,17052,58,0
594,2024-10-15 09:44:28,NULL,17051,58,0
595,2024-10-15 09:43:55,NULL,17050,58,0
596,2024-10-15 09:43:24,NULL,17049,58,0
597,2024-10-15 09:42:30,NULL,17048,58,0
598,2024-10-15 09:41:26,NULL,17047,58,0
599,2024-10-15 09:40:38,NULL,17046,58,0
600,2024-10-15 07:42:23,NULL,5302,250,0
601,2024-10-15 07:38:42,NULL,14461,251,0
602,2024-10-14 10:39:35,NULL,13344,247,0
603,2024-10-14 10:38:34,NULL,2639,250,0
604,2024-10-14 10:36:18,NULL,6806,241,0
605,2024-10-14 10:35:33,NULL,6730,252,0
606,2024-10-14 10:33:37,NULL,6686,242,0
607,2024-10-14 10:32:06,NULL,7246,249,0
608,2024-10-14 10:30:20,NULL,3243,240,0
609,2024-10-14 10:29:32,NULL,15642,245,0
610,2024-10-14 10:28:29,NULL,6957,243,0
611,2024-10-14 10:26:13,NULL,7386,246,0
612,2024-10-14 10:25:41,NULL,2638,251,0
613,2024-10-14 10:20:18,NULL,7455,248,0
614,2024-10-14 09:17:23,NULL,17395,16,0
615,2024-10-14 09:16:55,NULL,17393,16,0
616,2024-10-14 09:16:18,NULL,17394,16,0
617,2024-10-14 09:15:55,NULL,17389,16,0
618,2024-10-14 09:14:49,NULL,17385,16,0
619,2024-10-14 09:14:25,NULL,17386,16,0
620,2024-10-14 09:12:58,NULL,17388,16,0
621,2024-10-14 09:12:20,NULL,17387,16,0
622,2024-10-14 09:11:55,NULL,17398,16,0
623,2024-10-14 09:10:55,NULL,17397,16,0
624,2024-10-14 09:10:06,NULL,17396,16,0
625,2024-10-14 09:09:37,NULL,17392,16,0
626,2024-10-14 09:08:32,NULL,17391,16,0
627,2024-10-14 09:08:09,NULL,17390,16,0
628,2024-10-14 09:07:40,NULL,17383,16,0
629,2024-10-14 09:07:15,NULL,17402,16,0
630,2024-10-14 09:06:49,NULL,17401,16,0
631,2024-10-14 09:05:59,NULL,17400,16,0
632,2024-10-14 09:05:33,NULL,17399,16,0
633,2024-10-14 09:05:02,NULL,17384,16,0
634,2024-10-14 09:04:29,NULL,17404,16,0
635,2024-10-14 09:04:07,NULL,17403,16,0
636,2024-10-14 09:03:08,NULL,17405,16,0
637,2024-10-14 07:51:19,NULL,17125,24,0
638,2024-10-10 14:50:58,NULL,1294,113,0
639,2024-10-10 14:49:26,NULL,314,118,0
640,2024-10-10 14:48:10,NULL,4708,110,0
641,2024-10-10 14:46:45,NULL,6056,124,0
642,2024-10-10 13:24:16,NULL,16550,76,0
643,2024-10-10 13:23:27,NULL,9976,75,0
644,2024-10-10 13:22:47,NULL,14315,75,0
645,2024-10-10 13:22:12,NULL,5428,73,0
646,2024-10-10 13:21:25,NULL,12091,73,0
647,2024-10-10 13:20:48,NULL,12152,72,0
648,2024-10-10 13:20:05,NULL,15151,72,0
649,2024-10-10 13:19:03,NULL,7081,71,0
650,2024-10-10 13:18:31,NULL,13093,70,0
651,2024-10-10 13:17:46,NULL,5321,70,0
652,2024-10-10 13:12:35,NULL,2208,65,0
653,2024-10-10 13:12:08,NULL,6189,65,0
654,2024-10-10 13:09:51,NULL,16241,64,0
655,2024-10-10 13:08:51,NULL,14787,63,0
656,2024-10-10 13:05:54,NULL,14406,69,0
657,2024-10-10 13:04:57,NULL,16449,67,0
658,2024-10-10 13:04:24,NULL,15208,67,0
659,2024-10-10 12:59:35,NULL,11573,66,0
660,2024-10-10 12:59:05,NULL,6683,66,0
661,2024-10-10 11:19:20,NULL,15784,125,0
662,2024-10-10 08:25:02,NULL,16679,45,0
663,2024-10-10 08:22:28,NULL,17267,34,0
664,2024-10-10 08:19:14,NULL,17276,34,0
665,2024-10-10 08:18:15,NULL,17277,34,0
666,2024-10-10 08:17:45,NULL,17278,34,0
667,2024-10-10 08:17:19,NULL,17279,34,0
668,2024-10-10 08:16:45,NULL,17280,34,0
669,2024-10-10 08:16:00,NULL,17281,34,0
670,2024-10-10 08:15:20,NULL,17275,34,0
671,2024-10-10 08:13:08,NULL,17274,34,0
672,2024-10-10 08:12:19,NULL,17273,34,0
673,2024-10-10 08:11:39,NULL,17272,34,0
674,2024-10-10 08:11:15,NULL,17263,34,0
675,2024-10-10 08:10:10,NULL,17265,34,0
676,2024-10-10 08:09:44,NULL,17266,34,0
677,2024-10-10 08:08:45,NULL,17268,34,0
678,2024-10-10 08:07:30,NULL,17282,34,0
679,2024-10-10 08:06:31,NULL,17270,34,0
680,2024-10-10 08:06:02,NULL,17269,34,0
681,2024-10-10 08:05:15,NULL,17271,34,0
682,2024-10-10 08:03:56,NULL,15788,34,0
683,2024-10-09 13:49:16,NULL,5291,368,0
684,2024-10-09 13:38:42,NULL,7268,355,0
685,2024-10-09 13:03:57,NULL,4719,134,0
686,2024-10-09 13:01:48,NULL,15831,129,0
687,2024-10-09 13:00:54,NULL,6991,135,0
688,2024-10-09 12:59:59,NULL,14364,134,0
689,2024-10-09 12:58:46,NULL,16255,130,0
690,2024-10-09 12:55:49,NULL,16763,128,0
691,2024-10-09 12:52:03,NULL,16139,127,0
692,2024-10-09 12:51:16,NULL,15719,133,0
693,2024-10-09 12:50:49,NULL,7631,131,0
694,2024-10-09 12:50:09,NULL,16201,126,0
695,2024-10-09 12:29:49,NULL,6756,436,0
696,2024-10-09 12:29:21,NULL,8657,436,0
697,2024-10-09 12:20:19,NULL,848,427,0
698,2024-10-08 12:22:03,NULL,6336,93,0
699,2024-10-08 12:21:23,NULL,15571,93,0
700,2024-10-08 10:29:46,NULL,3217,348,0
701,2024-10-04 13:25:47,NULL,17439,25,0
702,2024-10-04 13:24:38,NULL,17438,25,0
703,2024-10-04 13:23:55,NULL,17437,25,0
704,2024-10-04 13:23:00,NULL,17436,25,0
705,2024-10-04 13:22:17,NULL,17435,25,0
706,2024-10-04 13:21:40,NULL,17434,25,0
707,2024-10-04 13:20:47,NULL,17433,25,0
708,2024-10-04 13:20:03,NULL,17432,25,0
709,2024-10-04 13:19:08,NULL,17446,25,0
710,2024-10-04 13:18:24,NULL,17444,25,0
711,2024-10-04 13:17:24,NULL,17443,25,0
712,2024-10-04 13:16:44,NULL,17442,25,0
713,2024-10-04 13:15:26,NULL,17441,25,0
714,2024-10-04 13:13:12,NULL,17440,25,0
715,2024-10-04 13:01:19,NULL,16520,39,0
716,2024-10-04 12:54:38,NULL,16779,39,0
717,2024-10-03 09:55:20,NULL,17018,23,0
718,2024-10-03 09:54:52,NULL,17019,23,0
719,2024-10-03 09:54:27,NULL,17020,23,0
720,2024-10-03 09:53:45,NULL,17021,23,0
721,2024-10-03 09:53:04,NULL,17022,23,0
722,2024-10-03 09:52:35,NULL,17023,23,0
723,2024-10-03 09:52:04,NULL,17024,23,0
724,2024-10-03 09:51:35,NULL,17025,23,0
725,2024-10-03 09:50:47,NULL,17026,23,0
726,2024-10-03 09:49:57,NULL,17027,23,0
727,2024-10-03 09:45:08,NULL,17028,23,0
728,2024-10-03 09:44:19,NULL,17029,23,0
729,2024-10-03 09:35:32,NULL,17030,23,0
730,2024-10-03 09:34:54,NULL,17032,23,0
731,2024-10-03 09:34:14,NULL,17033,23,0
732,2024-10-03 09:33:37,NULL,17034,23,0
733,2024-10-03 09:33:09,NULL,17035,23,0
734,2024-10-03 09:32:37,NULL,17036,23,0
735,2024-09-19 10:52:23,NULL,7405,295,0
736,2024-09-18 15:24:25,NULL,4427,364,0
737,2024-09-18 13:52:33,NULL,7647,369,0
738,2024-09-18 12:51:40,NULL,16218,437,0
739,2024-09-18 12:51:11,NULL,10082,437,0
740,2024-09-17 11:13:14,NULL,12254,35,0
741,2024-09-17 11:12:50,NULL,12246,35,0
742,2024-09-17 11:12:25,NULL,12251,35,0
743,2024-09-17 11:12:00,NULL,12261,35,0
744,2024-09-17 11:11:35,NULL,12256,35,0
745,2024-09-17 11:11:10,NULL,12249,35,0
746,2024-09-17 11:10:44,NULL,12250,35,0
747,2024-09-17 11:10:13,NULL,12260,35,0
748,2024-09-17 11:09:49,NULL,12252,35,0
749,2024-09-17 11:09:26,NULL,12262,35,0
750,2024-09-17 11:09:01,NULL,12259,35,0
751,2024-09-17 11:08:33,NULL,12257,35,0
752,2024-09-17 11:08:08,NULL,12245,35,0
753,2024-09-17 11:07:43,NULL,12248,35,0
754,2024-09-17 11:07:18,NULL,12253,35,0
755,2024-09-17 11:06:53,NULL,12258,35,0
756,2024-09-17 11:06:28,NULL,12247,35,0
757,2024-09-17 11:06:03,NULL,12255,35,0
758,2024-09-17 11:05:38,NULL,13578,35,0
759,2024-09-17 11:05:14,NULL,13581,35,0
760,2024-09-17 11:04:49,NULL,13593,35,0
761,2024-09-17 11:03:39,NULL,13586,35,0
762,2024-09-17 11:02:42,NULL,13590,35,0
763,2024-09-17 11:02:18,NULL,13580,35,0
764,2024-09-17 11:01:48,NULL,14379,35,0
765,2024-09-17 11:01:22,NULL,13583,35,0
766,2024-09-17 11:00:56,NULL,13589,35,0
767,2024-09-17 11:00:22,NULL,13591,35,0
768,2024-09-17 10:59:55,NULL,13577,35,0
769,2024-09-17 10:59:26,NULL,13592,35,0
770,2024-09-17 10:58:59,NULL,13595,35,0
771,2024-09-17 10:58:33,NULL,13587,35,0
772,2024-09-17 10:57:58,NULL,13582,35,0
773,2024-09-17 10:56:05,NULL,13588,35,0
774,2024-09-17 10:55:06,NULL,13579,35,0
775,2024-09-13 13:49:28,NULL,17001,1,0
776,2024-09-13 13:35:06,NULL,14225,1,0
777,2024-09-13 13:33:43,NULL,7301,37,0
778,2024-09-13 13:33:14,NULL,16498,37,0
779,2024-09-13 13:32:48,NULL,7519,37,0
780,2024-09-13 13:32:24,NULL,7300,37,0
781,2024-09-13 13:31:47,NULL,14177,37,0
782,2024-09-13 13:31:24,NULL,16497,37,0
783,2024-09-13 13:30:43,NULL,16528,37,0
784,2024-09-13 13:30:10,NULL,16578,37,0
785,2024-09-13 13:29:47,NULL,16539,37,0
786,2024-09-13 13:29:21,NULL,16781,37,0
787,2024-09-13 13:28:54,NULL,7530,37,0
788,2024-09-13 13:28:28,NULL,15408,37,0
789,2024-09-13 13:27:57,NULL,16584,37,0
790,2024-09-13 13:27:22,NULL,16789,37,0
791,2024-09-13 13:26:58,NULL,16049,37,0
792,2024-09-13 13:26:33,NULL,16494,37,0
793,2024-09-13 13:26:07,NULL,16488,37,0
794,2024-09-13 13:25:34,NULL,16993,37,0
795,2024-09-13 13:24:46,NULL,16180,37,0
796,2024-09-13 13:24:07,NULL,16590,37,0
797,2024-09-13 13:23:07,NULL,16981,37,0
798,2024-09-13 13:16:20,NULL,16990,37,0
799,2024-09-13 13:15:20,NULL,16987,37,0
800,2024-09-13 13:14:29,NULL,14218,37,0
801,2024-09-13 13:13:35,NULL,16591,37,0
802,2024-09-13 13:12:58,NULL,16985,37,0
803,2024-09-13 13:12:28,NULL,16598,37,0
804,2024-09-13 13:11:12,NULL,5921,37,0
805,2024-09-13 13:10:00,NULL,16601,37,0
806,2024-09-13 13:09:30,NULL,16546,37,0
807,2024-09-13 13:09:05,NULL,16586,37,0
808,2024-09-13 13:08:37,NULL,16743,37,0
809,2024-09-11 13:08:54,NULL,17000,35,0
810,2024-09-11 13:07:10,NULL,7077,35,0
811,2024-09-11 13:06:26,NULL,7474,35,0
812,2024-09-11 13:05:31,NULL,7641,35,0
813,2024-09-11 13:04:39,NULL,7304,35,0
814,2024-09-11 13:04:06,NULL,7109,35,0
815,2024-09-11 13:03:35,NULL,7533,35,0
816,2024-09-11 13:03:01,NULL,2512,35,0
817,2024-09-11 13:02:20,NULL,16930,35,0
818,2024-09-11 13:01:47,NULL,3342,35,0
819,2024-09-11 13:01:13,NULL,3250,35,0
820,2024-09-11 13:00:46,NULL,13613,35,0
821,2024-09-11 13:00:20,NULL,9679,35,0
822,2024-09-11 12:59:51,NULL,7465,35,0
823,2024-09-11 12:59:18,NULL,14710,35,0
824,2024-09-11 12:58:42,NULL,3213,35,0
825,2024-09-11 12:58:05,NULL,3433,35,0
826,2024-09-04 12:35:17,NULL,16368,39,0
827,2024-09-03 12:02:37,NULL,3196,35,0
828,2024-09-03 12:02:08,NULL,7075,35,0
829,2024-09-03 12:01:43,NULL,3429,35,0
830,2024-09-03 12:01:13,NULL,7526,35,0
831,2024-09-03 12:00:36,NULL,7272,35,0
832,2024-09-03 11:59:31,NULL,14354,35,0
833,2024-09-03 11:58:50,NULL,13349,35,0
834,2024-09-03 11:58:19,NULL,10072,35,0
835,2024-09-03 11:57:45,NULL,13351,35,0
836,2024-09-03 11:57:17,NULL,6890,35,0
837,2024-09-03 11:56:53,NULL,10136,35,0
838,2024-09-03 11:56:29,NULL,9346,35,0
839,2024-09-03 11:56:02,NULL,3258,35,0
840,2024-09-03 11:55:11,NULL,2411,35,0
841,2024-09-03 11:54:34,NULL,14268,35,0
842,2024-09-03 11:53:50,NULL,16481,35,0
843,2024-09-03 10:00:28,NULL,8879,16,0
844,2024-09-02 08:30:13,NULL,14320,6,0
845,2024-09-02 08:29:52,NULL,7364,6,0
846,2024-09-02 08:29:33,NULL,16107,6,0
847,2024-09-02 08:29:08,NULL,14328,6,0
848,2024-09-02 08:28:49,NULL,14423,6,0
849,2024-09-02 08:28:28,NULL,16251,6,0
850,2024-09-02 08:27:55,NULL,16151,6,0
851,2024-09-02 08:27:25,NULL,14322,6,0
852,2024-09-02 08:27:02,NULL,16166,6,0
853,2024-09-02 08:26:40,NULL,16167,6,0
854,2024-09-02 08:26:02,NULL,15629,6,0
855,2024-09-02 08:25:39,NULL,12634,6,0
856,2024-09-02 08:25:17,NULL,14386,6,0
857,2024-09-02 08:24:55,NULL,14426,6,0
858,2024-09-02 08:24:31,NULL,6657,6,0
859,2024-09-02 08:23:50,NULL,14075,6,0
860,2024-06-07 13:08:08,NULL,16444,332,0
861,2024-06-03 10:27:19,NULL,15052,296,0
862,2024-05-30 12:36:23,NULL,16927,45,0
863,2024-05-17 11:32:52,NULL,16185,337,0
864,2024-05-17 11:32:23,NULL,11923,337,0
865,2024-05-16 11:34:56,NULL,14229,363,0
866,2024-05-15 09:42:53,NULL,7448,315,0
867,2024-05-15 07:52:25,NULL,16809,51,0
868,2024-05-09 11:38:54,NULL,15262,121,0
869,2024-04-11 12:49:24,NULL,16462,282,0
870,2024-04-05 11:31:48,NULL,15115,166,0
871,2024-03-13 11:17:45,NULL,11388,369,0
872,2024-03-07 11:03:54,NULL,16417,222,0
873,2024-02-16 08:37:23,NULL,14231,45,0
874,2024-02-14 11:30:22,NULL,6063,318,0
875,2024-02-08 15:26:40,NULL,14815,242,0
876,2024-02-08 11:00:39,NULL,16040,222,0
877,2024-01-05 11:46:20,NULL,5579,165,0
878,2024-01-05 11:35:51,NULL,1009,337,0
879,2024-01-04 11:10:56,NULL,5557,93,0
880,2023-12-12 11:14:41,NULL,14082,396,0
881,2023-12-06 11:11:39,NULL,3393,318,0
882,2023-12-06 11:11:13,NULL,8190,318,0
883,2023-11-24 13:17:56,NULL,14961,166,0
884,2023-11-24 13:17:39,NULL,10552,166,0
885,2023-11-24 07:48:50,NULL,16617,297,0
886,2023-11-24 07:48:11,NULL,15189,293,0
887,2023-11-14 10:50:55,NULL,14847,80,0
888,2023-11-14 08:24:07,NULL,16280,91,0
889,2023-11-14 08:18:54,NULL,3049,200,0
890,2023-11-10 10:34:26,NULL,16690,100,0
891,2023-11-07 09:09:36,NULL,15519,66,0
892,2023-10-31 10:15:58,NULL,7614,85,0
893,2023-10-30 11:19:29,NULL,14199,118,0
894,2023-10-03 11:47:11,NULL,6875,252,0
895,2023-09-28 12:45:26,NULL,4746,303,0
896,2023-09-27 12:04:05,NULL,7121,18,0
897,2023-09-27 11:06:55,NULL,4997,318,0
898,2023-09-25 13:15:12,NULL,15550,59,0
899,2023-09-22 11:47:48,NULL,15984,234,0
900,2023-09-19 14:50:59,NULL,6334,156,0
901,2023-09-18 09:39:35,NULL,5962,234,0
902,2023-06-09 12:28:10,NULL,5472,100,0
903,2023-06-05 10:41:36,NULL,14376,100,0
